




INSERT INTO guide (guideid, firstname,lastname,phonenumber,email,istourguide) VALUES (1, 'Tonja ',' Wyckoff','555-5555','12dgds@email.com',true);
INSERT INTO guide (guideid, firstname,lastname,phonenumber,email,istourguide) VALUES (2, 'Ebonie', 'Eyler','555-5555','345cx@email.com',true);
INSERT INTO guide (guideid, firstname,lastname,phonenumber,email,istourguide) VALUES (3, 'Andrea','Etchison','555-5555','g4vf@email.com',true);
INSERT INTO guide (guideid, firstname,lastname,phonenumber,email,istourguide) VALUES (4, 'Lashanda','Armitage','555-5555','gv676@email.com',true);
INSERT INTO guide (guideid, firstname,lastname,phonenumber,email,istourguide) VALUES (5, 'Delta','Vantassell','555-5555','gdg8fdfd@email.com',true);
INSERT INTO guide (guideid, firstname,lastname,phonenumber,email,istourguide) VALUES (6, 'Antoinette','Neathery','555-5555','dfgfg790@email.com',true);
INSERT INTO guide (guideid, firstname,lastname,phonenumber,email,istourguide) VALUES (7, 'Craig','Iverson','555-5555','dfgdfg787d@email.com',true);
INSERT INTO guide (guideid, firstname,lastname,phonenumber,email,istourguide) VALUES (8, 'Myrta','Palomo','555-5555','sfsi9sfd@email.com',true);
INSERT INTO guide (guideid, firstname,lastname,phonenumber,email,istourguide) VALUES (9, 'Marilu','Reis','555-5555','sfdsf908@email.com',true);
INSERT INTO guide (guideid, firstname,lastname,phonenumber,email,istourguide) VALUES (10, 'Sheryll','Mendonca','555-5555','sdfsd7097@email.com',true);
INSERT INTO guide (guideid, firstname,lastname,phonenumber,email,istourguide) VALUES (11, 'Luke','Ruppe','555-5555','8sdf7df7d@email.com',true);
INSERT INTO guide (guideid, firstname,lastname,phonenumber,email,istourguide) VALUES (12, 'Ileen','Nehls','555-5555','9sd8sd7s@email.com',true);
INSERT INTO guide (guideid, firstname,lastname,phonenumber,email,istourguide) VALUES (13, 'Marcos','Thiele','555-5555','9sdfds@email.com',true);
INSERT INTO guide (guideid, firstname,lastname,phonenumber,email,istourguide) VALUES (14, 'Ginny','emmBarbuy','555-5555','sdf8980@email.com',true);
INSERT INTO guide (guideid, firstname,lastname,phonenumber,email,istourguide) VALUES (15, 'Adeline','Nuss','555-5555','sdf8@email.com',true);
INSERT INTO guide (guideid, firstname,lastname,phonenumber,email,istourguide) VALUES (16, 'Cristobal ','Tisby','555-5555','9s0fds@email.com',true);
INSERT INTO guide (guideid, firstname,lastname,phonenumber,email,istourguide) VALUES (17, 'Jinny ','Schwalm','555-5555','sfd80@email.com',true);
INSERT INTO guide (guideid, firstname,lastname,phonenumber,email,istourguide) VALUES (18, 'Brendon','Hatchell','555-5555','sdf89@email.com',true);
INSERT INTO guide (guideid, firstname,lastname,phonenumber,email,istourguide) VALUES (19, 'Evelia','Spitzer','555-5555','99sd8@email.com',true);
INSERT INTO guide (guideid, firstname,lastname,phonenumber,email,istourguide) VALUES (20, 'Gregoria','Alden','555-5555','sdfs888@email.com',true);


INSERT INTO tourist (touristid, firstname, lastname,phonenumber,email,istourguide) VALUES (1, 'Chae', 'Mitchell','555-5555','dfgh6h5ok@email.com', false);
INSERT INTO tourist (touristid, firstname, lastname,phonenumber,email,istourguide) VALUES (2, 'Dan', 'Brown','555-5555','oh5hh65hk@email.com',false );
INSERT INTO tourist (touristid, firstname, lastname,phonenumber,email,istourguide) VALUES (3, 'Jase', 'Cisneros','555-5555','dfgsre@email.com',false );
INSERT INTO tourist (touristid, firstname, lastname,phonenumber,email,istourguide) VALUES (4, 'Lincoln', 'Austin','555-5555','oerg3g3gk@email.com',false );
INSERT INTO tourist (touristid, firstname, lastname,phonenumber,email,istourguide) VALUES (5, 'Miah', 'Navarro','555-5555','o4kgaga@email.com',false );
INSERT INTO tourist (touristid, firstname, lastname,phonenumber,email,istourguide) VALUES (6, 'Lauren', 'Wiley','555-5555','og4ak34a@email.com',false );
INSERT INTO tourist (touristid, firstname, lastname,phonenumber,email,istourguide) VALUES (7, 'Tiana', 'Patel','555-5555','o434gae3k@email.com',false );
INSERT INTO tourist (touristid, firstname, lastname,phonenumber,email,istourguide) VALUES (8, 'Ivan', 'Leon','555-5555','ogg344k43g@email.com',false );
INSERT INTO tourist (touristid, firstname, lastname,phonenumber,email,istourguide) VALUES (9, 'Edgar', 'Poe','555-5555','o43g343g44k@email.com',false );
INSERT INTO tourist (touristid, firstname, lastname,phonenumber,email,istourguide) VALUES (10, 'Jeffrey', 'Alenn','555-5555','ok4545d4@email.com',false );
INSERT INTO tourist (touristid, firstname, lastname,phonenumber,email,istourguide) VALUES (11, 'Sigfreud', 'Collin','555-5555','od45ck45y@email.com',false );
INSERT INTO tourist (touristid, firstname, lastname,phonenumber,email,istourguide) VALUES (12, 'Cowel', 'Sim','555-5555','o45yy55yk@email.com',false );
INSERT INTO tourist (touristid, firstname, lastname,phonenumber,email,istourguide) VALUES (13, 'Antonio', 'Jones','555-5555','sgd3g2@email.com',false );
INSERT INTO tourist (touristid, firstname, lastname,phonenumber,email,istourguide) VALUES (14, 'Blaine', 'Ballard','555-5555','g3g1@email.com',false );
INSERT INTO tourist (touristid, firstname, lastname,phonenumber,email,istourguide) VALUES (15, 'Jacqueline', 'Rollins','555-5555','34g1v31v314@email.com',false );
INSERT INTO tourist (touristid, firstname, lastname,phonenumber,email,istourguide) VALUES (16, 'Dominick', 'Knox','555-5555','w3vg1v3@email.com',false );
INSERT INTO tourist (touristid, firstname, lastname,phonenumber,email,istourguide) VALUES (17, 'Madelynn', 'Boyer','555-5555','34v34qq@email.com',false );
INSERT INTO tourist (touristid, firstname, lastname,phonenumber,email,istourguide) VALUES (18, 'Donte', 'Nixon','555-5555','v34v3qv3@email.com',false );
INSERT INTO tourist (touristid, firstname, lastname,phonenumber,email,istourguide) VALUES (19, 'Gloria', 'Hester','555-5555','v343vqv@email.com',false );
INSERT INTO tourist (touristid, firstname, lastname,phonenumber,email,istourguide) VALUES (20, 'Terrell', 'Mora','555-5555','4tv4vbb4@email.com',false );




INSERT INTO tour (tourid,tourname, tourdescription, tourguidephonenumber, whattobring,category,durationhrs,area,price,recommendedage,meetingaddress,guideid) VALUES (1, 'The Grand Adventure', 'cruise to anywhere', '555-5555', 'flashlight/glowstick','outdoor',5,'tundra',23.00,45,'1234 adventure dr. Everywhere US 924546',3);
INSERT INTO tour (tourid,tourname, tourdescription, tourguidephonenumber, whattobring,category,durationhrs,area,price,recommendedage,meetingaddress,guideid) VALUES (2, 'Over And Out','cruise to anywhere', '555-5555', 'nothing','cruise',3,'desert',434.00,14,'1234 adventure dr. Everywhere US 924546',2);
INSERT INTO tour (tourid,tourname, tourdescription, tourguidephonenumber, whattobring,category,durationhrs,area,price,recommendedage,meetingaddress,guideid) VALUES (3,'Outdoor Fun' ,'cruise to anywhere', '555-5555', 'gun/knife','jungle',48,'swamp',2.00,5,'1234 adventure dr. Everywhere US 924546',2);
INSERT INTO tour (tourid,tourname, tourdescription, tourguidephonenumber, whattobring,category,durationhrs,area,price,recommendedage,meetingaddress,guideid) VALUES (4,'Grand Circle Travel' ,'cruise to anywhere', '555-5555', 'hat/coat','cruise',4,'mountain',676.00,13,'1234 adventure dr. Everywhere US 924546',4);
INSERT INTO tour (tourid,tourname, tourdescription, tourguidephonenumber, whattobring,category,durationhrs,area,price,recommendedage,meetingaddress,guideid) VALUES (5,'Go Ahead Tour' ,'cruise to anywhere', '555-5555', 'machete/bugspray','outdoor',12,'ocean',67.00,15,'1234 adventure dr. Everywhere US 924546',5);
INSERT INTO tour (tourid,tourname, tourdescription, tourguidephonenumber, whattobring,category,durationhrs,area,price,recommendedage,meetingaddress,guideid) VALUES (6,'Explorixa' ,'cruise to anywhere', '555-5555', 'water/rusable bottle','jungle',8,'canyon ',345.00,80,'1234 adventure dr. Everywhere US 924546',6);
INSERT INTO tour (tourid,tourname, tourdescription, tourguidephonenumber, whattobring,category,durationhrs,area,price,recommendedage,meetingaddress,guideid) VALUES (7,'E-World T' ,'cruise to anywhere', '555-5555', 'map/list','desert',4,'glacier',1.00,16,'1234 adventure dr. Everywhere US 924546',7);
INSERT INTO tour (tourid,tourname, tourdescription, tourguidephonenumber, whattobring,category,durationhrs,area,price,recommendedage,meetingaddress,guideid) VALUES (8,'Guideline' ,'cruise to anywhere', '555-5555', 'sandals/sunglasses','cruise',5,'Oasis',47.00,15,'1234 adventure dr. Everywhere US 924546',8);
INSERT INTO tour (tourid,tourname, tourdescription, tourguidephonenumber, whattobring,category,durationhrs,area,price,recommendedage,meetingaddress,guideid) VALUES (9,'Starline' ,'cruise to anywhere', '555-5555', 'toothbrush/towel','jungle',8,'Forest',4567.00,21,'1234 adventure dr. Everywhere US 924546',9);
INSERT INTO tour (tourid,tourname, tourdescription, tourguidephonenumber, whattobring,category,durationhrs,area,price,recommendedage,meetingaddress,guideid) VALUES (10,'Dream Destiny' ,'cruise to anywhere', '555-5555', 'handsanitier/oil','outdoor',2,'Marsh',123.00,22,'1234 adventure dr. Everywhere US 924546',10);
INSERT INTO tour (tourid,tourname, tourdescription, tourguidephonenumber, whattobring,category,durationhrs,area,price,recommendedage,meetingaddress,guideid) VALUES (11,'Tiny Travel' ,'cruise to anywhere', '555-5555', 'laptop/cellphone','outdoor',5,'Desert',33.00,24,'1234 adventure dr. Everywhere US 924546',11);
INSERT INTO tour (tourid,tourname, tourdescription, tourguidephonenumber, whattobring,category,durationhrs,area,price,recommendedage,meetingaddress,guideid) VALUES (12,'Travel Mile' ,'cruise to anywhere', '555-5555', 'eyedrops/beer','outdoor',42,'',453.00,44,'1234 adventure dr. Everywhere US 924546',12);
INSERT INTO tour (tourid,tourname, tourdescription, tourguidephonenumber, whattobring,category,durationhrs,area,price,recommendedage,meetingaddress,guideid) VALUES (13,'Blue Sky Road' ,'cruise to anywhere', '555-5555', 'passport/tea','city',34,'river',44.00,50,'1234 adventure dr. Everywhere US 924546',13);
INSERT INTO tour (tourid,tourname, tourdescription, tourguidephonenumber, whattobring,category,durationhrs,area,price,recommendedage,meetingaddress,guideid) VALUES (14,'Extrava' ,'cruise to anywhere', '555-5555', 'flashlight/toothfloss','city',24,'river',32.00,51,'1234 adventure dr. Everywhere US 924546',14);
INSERT INTO tour (tourid,tourname, tourdescription, tourguidephonenumber, whattobring,category,durationhrs,area,price,recommendedage,meetingaddress,guideid) VALUES (15,'Up Away' ,'cruise to anywhere', '555-5555', 'waterproof/matches','outdoor',12,'Forest',87.00,23,'1234 adventure dr. Everywhere US 924546',14);
INSERT INTO tour (tourid,tourname, tourdescription, tourguidephonenumber, whattobring,category,durationhrs,area,price,recommendedage,meetingaddress,guideid) VALUES (16,'Mystic Land' ,'cruise to anywhere', '555-5555', 'sleeping bag/kettle','outdoor',10,'Mountain',997.00,45,'1234 adventure dr. Everywhere US 924546',15);
INSERT INTO tour (tourid,tourname, tourdescription, tourguidephonenumber, whattobring,category,durationhrs,area,price,recommendedage,meetingaddress,guideid) VALUES (17,'Rampage Trek' ,'cruise to anywhere', '555-5555', 'first-aid kit/snakebite kit','desert',11,'Hill',76.00,67,'1234 adventure dr. Everywhere US 924546',16);
INSERT INTO tour (tourid,tourname, tourdescription, tourguidephonenumber, whattobring,category,durationhrs,area,price,recommendedage,meetingaddress,guideid) VALUES (18,'Outsa Way' ,'cruise to anywhere', '555-5555', 'rubberbands/snacks','desert',9,'Tundra',67.00,43,'1234 adventure dr. Everywhere US 924546',17);
INSERT INTO tour (tourid,tourname, tourdescription, tourguidephonenumber, whattobring,category,durationhrs,area,price,recommendedage,meetingaddress,guideid) VALUES (19,'The Way' ,'cruise to anywhere', '555-5555', 'airpods/playdough','city',34,'Oasis',90.00,56,'1234 adventure dr. Everywhere US 924546',18);
INSERT INTO tour (tourid,tourname, tourdescription, tourguidephonenumber, whattobring,category,durationhrs,area,price,recommendedage,meetingaddress,guideid) VALUES (20,'Quest' ,'cruise to anywhere', '555-5555', 'bear-spray/t-bone steak','city',2,'Cave',222.00,12,'1234 adventure dr. Everywhere US 924546',19);
INSERT INTO tour (tourid,tourname, tourdescription, tourguidephonenumber, whattobring,category,durationhrs,area,price,recommendedage,meetingaddress,guideid) VALUES (21,'Trailing Travel' ,'cruise to anywhere', '555-5555', 'camera/sketchpad','jungle',3,'Cave',5.00,2,'1234 adventure dr. Everywhere US 924546',20);




INSERT INTO bookedtours (tourid, touristid) VALUES (1, 1);
INSERT INTO bookedtours (tourid, touristid) VALUES (2, 2);
INSERT INTO bookedtours (tourid, touristid) VALUES (12, 2);
INSERT INTO bookedtours (tourid, touristid) VALUES (12, 4);
INSERT INTO bookedtours (tourid, touristid) VALUES (3, 12);
INSERT INTO bookedtours (tourid, touristid) VALUES (4, 7);
INSERT INTO bookedtours (tourid, touristid) VALUES (12, 14);
INSERT INTO bookedtours (tourid, touristid) VALUES (13, 8);
INSERT INTO bookedtours (tourid, touristid) VALUES (14, 9);
INSERT INTO bookedtours (tourid, touristid) VALUES (15, 10);
INSERT INTO bookedtours (tourid, touristid) VALUES (16, 11);
INSERT INTO bookedtours (tourid, touristid) VALUES (17, 13);
INSERT INTO bookedtours (tourid, touristid) VALUES (18, 5);
INSERT INTO bookedtours (tourid, touristid) VALUES (5, 6);
INSERT INTO bookedtours (tourid, touristid) VALUES (8, 19);
INSERT INTO bookedtours (tourid, touristid) VALUES (9, 4);
INSERT INTO bookedtours (tourid, touristid) VALUES (10, 4);
INSERT INTO bookedtours (tourid, touristid) VALUES (11, 6);
INSERT INTO bookedtours (tourid, touristid) VALUES (19, 1);
INSERT INTO bookedtours (tourid, touristid) VALUES (3, 16);
INSERT INTO bookedtours (tourid, touristid) VALUES (5, 15);
INSERT INTO bookedtours (tourid, touristid) VALUES (5, 15);
INSERT INTO bookedtours (tourid, touristid) VALUES (16, 15);



INSERT INTO favoritedtours (tourid, touristid) VALUES (1,1);
INSERT INTO favoritedtours (tourid, touristid) VALUES (1,1);
INSERT INTO favoritedtours (tourid, touristid) VALUES (3,3);









alter sequence hibernate_sequence restart with 100;